#lineage	position	allele_change	tag
snpCL_1	1157317	C/T	EUSeqMyTB_snpCL
snpCL_2	4327088	A/C	EUSeqMyTB_snpCL
snpCL_3	130881	C/G	EUSeqMyTB_snpCL
snpCL_4	1485300	C/G	EUSeqMyTB_snpCL
snpCL_5	1208477	C/G	EUSeqMyTB_snpCL
snpCL_6	1547828	G/C	EUSeqMyTB_snpCL
snpCL_7	2971513	C/G	EUSeqMyTB_snpCL
snpCL_8	1039921	A/G	EUSeqMyTB_snpCL
snpCL_10	211015	G/A	EUSeqMyTB_snpCL
snpCL_11	1895566	C/G	EUSeqMyTB_snpCL
snpCL_12	1914071	G/A	EUSeqMyTB_snpCL
snpCL_13	1810244	G/A	EUSeqMyTB_snpCL
snpCL_14	4155977	G/A	EUSeqMyTB_snpCL
snpCL_15	2399093	G/A	EUSeqMyTB_snpCL
snpCL_16	1008074	G/A	EUSeqMyTB_snpCL
snpCL_17	4284172	C/T	EUSeqMyTB_snpCL
snpCL_18	766707	A/G	EUSeqMyTB_snpCL
snpCL_19	3169491	C/A	EUSeqMyTB_snpCL
snpCL_20	996197	A/C	EUSeqMyTB_snpCL
snpCL_22	1231934	T/G	EUSeqMyTB_snpCL
snpCL_23	1398622	G/A	EUSeqMyTB_snpCL
snpCL_25	1068731	G/C	EUSeqMyTB_snpCL
snpCL_27	3031515	T/C	EUSeqMyTB_snpCL
snpCL_28	1028437	C/T	EUSeqMyTB_snpCL
snpCL_29	3640351	C/T	EUSeqMyTB_snpCL
snpCL_30	3223901	G/A	EUSeqMyTB_snpCL
snpCL_31	1946519	C/T	EUSeqMyTB_snpCL
snpCL_32	3088899	G/A	EUSeqMyTB_snpCL
snpCL_33	1921877	G/A	EUSeqMyTB_snpCL
snpCL_34	1760095	C/G	EUSeqMyTB_snpCL
